<suite name="Suite" parallel="tests">
  <test thread-count="5" name="TestA">
  <parameter name="browser" value="chrome"/>
    <classes>
      <class name="com.actitime.testscript.CustomerModule"/>
    </classes>
  </test>
  <test thread-count="5" name="TestB">
  <parameter name="browser" value="edge"/>
    <classes>
      <class name="com.actitime.testscript.CustomerModule"/>
    </classes>
  </test> 
   <test thread-count="5" name="TestC">
  <parameter name="browser" value="firefox"/>
    <classes>
      <class name="com.actitime.testscript.CustomerModule"/>
    </classes>
  </test><!-- Test -->
</suite> <!-- Suite -->
